file,duration_seconds,duration_hms,gender,interview_year,birth_year,landkreis
Achsheim I-4941.exb,963.459,0:16:03,male,1959,1890,A
Achsheim I-4942.exb,646.604,0:10:47,male,1959,1926,A
Achsheim I-4943.exb,938.289,0:15:38,male,1959,1912,A
Achstetten I-352.exb,740.722,0:12:21,male,1955,1891,BC
Achstetten I-353.exb,526.483,0:08:46,female,1955,1919,BC
Achstetten I-354.exb,554.833,0:09:15,male,1955,1932,
Adelberg I-782.exb,629.602,0:10:30,male,1955,1889,GP
Adelberg I-783.exb,728.987,0:12:09,male,1955,1974,GP
Ailingen I-305.exb,621.609,0:10:22,male,1955,1889,FN
Ailingen I-306.exb,722.762,0:12:03,male,1955,1880,FN
Ailingen I-307.exb,761.309,0:12:41,female,1955,1936,FN
Ailingen I-5000.exb,370.953,0:06:11,female,1959,1936,FN
Alfdorf I-5475.exb,2730.216,0:45:30,male,1964,1904,WN
Alfdorf I-5476.exb,1046.143,0:17:26,female,1964,1903,WN
Altheim XI-168.exb,1893.410,0:31:33,female,1968,1893,UL
Arlesried I-364.exb,720.912,0:12:01,female,1955,1912,MN
Arlesried I-366.exb,674.701,0:11:15,male,1955,1887,MN
Arlesried I-367.exb,581.899,0:09:42,male,1955,1935,MN
Asselfingen XI-165.exb,816.378,0:13:36,female,1968,1924,UL
Attenhausen I-4970.exb,627.380,0:10:27,male,1959,1883,GZ
Attenhausen I-4971.exb,692.932,0:11:33,male,1959,1922,GZ
Attenhausen I-4972.exb,431.626,0:07:12,female,1959,1887,GZ
Attenhausen I-4973.exb,501.606,0:08:22,male,1959,1906,GZ
Auggen XI-233.exb,1166.059,0:19:26,male,1970,1937,FR
Auggen XI-234.exb,1454.103,0:24:14,male,1970,1901,FR
Auggen XI-235.exb,917.060,0:15:17,female,1970,1902,FR
Aulendorf I-299.exb,557.389,0:09:17,male,1955,1893,RV
Aulendorf I-302.exb,622.358,0:10:22,male,1955,1934,RV
Aulendorf I-304.exb,680.498,0:11:20,male,1955,1901,RV
Bachenau I-5482.exb,1504.423,0:25:04,male,1964,1898,HN
Bachenau I-5483.exb,709.921,0:11:50,male,1964,1882,HN
Bachenau I-5484.exb,687.906,0:11:28,male,1964,1929,HN
Baiersbronn I-5017.exb,472.285,0:07:52,male,1959,1872,FDS
Baiersbronn I-5018.exb,391.181,0:06:31,male,1959,1882,FDS
Baiersbronn I-5019.exb,231.789,0:03:52,female,1959,1881,FDS
Baiersbronn I-5020.exb,254.461,0:04:14,male,1959,1890,FDS
Baiersbronn I-5021.exb,238.806,0:03:59,female,1959,1873,FDS
Baiersbronn I-5022.exb,266.326,0:04:26,female,1959,1886,FDS
Balgheim I-5470.exb,1228.837,0:20:29,female,1964,1915,DON
Ballendorf XI-166.exb,1177.861,0:19:38,male,1968,1930,UL
Ballendorf XI-167.exb,803.877,0:13:24,male,1968,1898,UL
Ballersdorf I-4899.exb,563.412,0:09:23,female,1959,1891,ND
Ballersdorf I-4900.exb,777.153,0:12:57,male,1959,1922,ND
Ballersdorf I-4901.exb,602.895,0:10:03,male,1959,1883,ND
Bartholomä I-5432.exb,3611.295,1:00:11,male,1964,1882,AA
Bebenhausen I-169.exb,562.744,0:09:23,male,1955,1877,TÜ
Bebenhausen I-170.exb,600.958,0:10:01,female,1955,1935,TÜ
Bebenhausen I-171.exb,613.178,0:10:13,female,1955,1915,TÜ
Beimbach I-818.exb,680.700,0:11:21,male,1955,1876,SHA
Beimbach I-819.exb,725.338,0:12:05,female,1955,1908,SHA
Beimbach I-820.exb,502.175,0:08:22,female,1955,1936,SHA
Beimbach I-821.exb,1546.920,0:25:47,male,,,SHA
Beltersrot I-5493.exb,495.005,0:08:15,female,1964,1911,KÜN
Beltersrot I-5494.exb,600.964,0:10:01,female,1964,1886,KÜN
Beltersrot I-5495.exb,796.725,0:13:17,male,1964,1904,KÜN
Beltersrot I-5496.exb,1168.535,0:19:29,female,1964,1887,KÜN
Beltersrot I-5497.exb,728.862,0:12:09,male,1964,1892,KÜN
Berlichingen I-5503.exb,947.281,0:15:47,male,1964,1927,KÜN
Berlichingen I-5504.exb,1418.823,0:23:39,male,1964,1890,KÜN
Berlichingen I-5505.exb,978.575,0:16:19,female,1964,1906,KÜN
Beuren I-328.exb,607.669,0:10:08,male,1955,1890,RV
Beuren I-329.exb,855.164,0:14:15,male,1955,1910,RV
Beuren I-330.exb,486.942,0:08:07,male,1955,1927,RV
Beyerberg I-5459.exb,719.379,0:11:59,female,1964,1897,AN
Beyerberg I-5460.exb,810.537,0:13:31,male,1964,1896,AN
Beyerberg I-5461.exb,690.715,0:11:31,female,1964,1933,AN
Biberach I-282.exb,451.006,0:07:31,male,1955,1893,BC
Biberach I-283.exb,549.424,0:09:09,male,1955,1914,BC
Biberach I-284.exb,493.603,0:08:14,male,1955,1878,BC
Biberach I-285.exb,559.516,0:09:20,female,1955,1908,BC
Biberach I-286.exb,352.885,0:05:53,female,1955,1934,BC
Bittelbronn I-183.exb,591.838,0:09:52,male,1955,1885,FDS
Bittelbronn I-184.exb,660.773,0:11:01,male,1955,1903,FDS
Bittelbronn I-185.exb,691.130,0:11:31,female,1955,1939,FDS
Blankenburg I-4905.exb,640.639,0:10:41,male,1959,1888,A
Blankenburg I-4907.exb,715.597,0:11:56,male,1959,1925,A
Blankenburg I-4909.exb,1069.650,0:17:50,male,1959,1901,A
Bondorf I-174.exb,612.528,0:10:13,male,1955,1880,BB
Bondorf I-175.exb,581.079,0:09:41,female,1955,1941,BB
Bondorf I-176.exb,608.565,0:10:09,male,1955,1919,BB
Brettach I-731.exb,560.828,0:09:21,male,1955,1902,HN
Brettach I-732.exb,616.708,0:10:17,female,1955,1939,HN
Brombach B-29.exb,634.960,0:10:35,male,1977,1941,LÖ
Bräunisheim I-711.exb,1184.019,0:19:44,male,1955,1878,UL
Bräunisheim I-712.exb,466.015,0:07:46,male,1955,1899,UL
Bräunisheim I-713.exb,643.392,0:10:43,female,1955,1932,UL
Buchau I-288.exb,632.087,0:10:32,male,1955,1914,BC
Buchau I-289.exb,609.108,0:10:09,male,1955,1883,BC
Buchau I-290.exb,528.710,0:08:49,female,1955,1935,BC
Buttenhausen I-249.exb,533.908,0:08:54,female,1955,1886,RT
Buttenhausen I-253.exb,458.001,0:07:38,male,1955,1923,RT
Buttenhausen I-254.exb,583.598,0:09:44,female,1955,1942,RT
Böhen I-370.exb,593.757,0:09:54,male,1955,1889,MN
Böhen I-373.exb,554.283,0:09:14,male,1955,1907,MN
Böhen I-375.exb,510.905,0:08:31,male,1955,1932,MN
Böhmenkirch I-5428.exb,688.232,0:11:28,female,1964,1941,GP
Böhmenkirch I-5429.exb,616.621,0:10:17,female,1964,1877,GP
Böhmenkirch I-5430.exb,595.843,0:09:56,male,1964,1931,GP
Böhmenkirch I-5431.exb,531.097,0:08:51,female,1964,1893,GP
Bühl I-4922.exb,500.676,0:08:21,female,1959,1890,GZ
Bühl I-4923.exb,301.259,0:05:01,female,1959,1937,GZ
Bühl I-4924.exb,316.982,0:05:17,female,1959,1939,GZ
Bühl I-4925.exb,433.053,0:07:13,male,1959,1896,GZ
Daxlanden XI-277.exb,1668.800,0:27:49,male,1987,1911,KA
Deilingen XI-222.exb,976.304,0:16:16,female,1969,1929,TUT
Deilingen XI-223.exb,841.352,0:14:01,male,1969,1901,TUT
Deilingen XI-224.exb,1052.828,0:17:33,female,1969,1931,TUT
Deilingen XI-225.exb,773.074,0:12:53,female,1969,1899,TUT
Deilingen XI-226.exb,1020.029,0:17:00,female,1969,1928,TUT
Deilingen XI-227.exb,2867.541,0:47:48,male,1969,1898,TUT
Deilingen XI-228.exb,700.410,0:11:40,male,1969,1961,TUT
Deilingen XI-229.exb,1178.339,0:19:38,female,1969,1927,TUT
Dettingen I-672.exb,962.546,0:16:03,male,1955,1891,HDH
Dettingen I-673.exb,725.565,0:12:06,male,1955,1904,HDH
Dettingen I-675.exb,611.663,0:10:12,male,1955,1929,HDH
Diepoldshofen I-337.exb,602.319,0:10:02,male,1955,1897,RV
Diepoldshofen I-338.exb,666.438,0:11:06,male,1955,1910,RV
Diepoldshofen I-339.exb,682.887,0:11:23,male,1955,1935,RV
Dietenheim XI-182.exb,907.703,0:15:08,male,1968,1929,UL
Donaustetten XI-177.exb,526.621,0:08:47,female,1968,1884,UL
Donaustetten XI-178.exb,580.690,0:09:41,female,1968,1892,UL
Donaustetten XI-179.exb,718.291,0:11:58,female,1968,1928,UL
Donaustetten XI-180.exb,1161.072,0:19:21,male,1968,1894,UL
Donaustetten XI-181.exb,677.454,0:11:17,male,1968,1934,UL
Dornstadt I-5453.exb,1204.070,0:20:04,male,1964,1896,UL
Dornstadt I-5454.exb,2885.768,0:48:06,male,1964,1894,UL
Dornstadt I-5455.exb,887.202,0:14:47,female,1964,1907,UL
Döttingen I-5499.exb,1300.703,0:21:41,female,1964,1889,SHA
Dühren XI-273.exb,1007.906,0:16:48,female,1987,1919,HD
Ellenberg I-5465.exb,860.650,0:14:21,male,1964,1901,AA
Ellenberg I-5466.exb,830.659,0:13:51,female,1964,1926,AA
Emerkingen I-274.exb,537.563,0:08:58,female,1955,1904,UL
Emerkingen I-275.exb,642.126,0:10:42,male,1955,1888,UL
Emerkingen I-278.exb,640.786,0:10:41,female,1955,1934,UL
Erdmannhausen I-761.exb,819.507,0:13:40,female,1955,1878,LB
Erdmannhausen I-762.exb,664.333,0:11:04,male,1955,1898,LB
Erdmannhausen I-763.exb,632.631,0:10:33,female,1955,1924,LB
Erkenbrechtsweiler I-236.exb,590.573,0:09:51,male,1955,1880,ES
Erkenbrechtsweiler I-237.exb,631.417,0:10:31,female,1955,1920,ES
Erkenbrechtsweiler I-239.exb,626.001,0:10:26,female,1955,1928,ES
Eschach I-700.exb,537.538,0:08:58,male,1955,1935,AA
Eschach I-701.exb,602.277,0:10:02,female,1955,1894,AA
Eschach I-702.exb,774.097,0:12:54,male,,,AA
Eschenau I-799.exb,668.222,0:11:08,male,1955,1884,SHA
Eschenau I-800.exb,839.241,0:13:59,male,1955,1906,SHA
Eschenau I-801.exb,571.463,0:09:31,male,1955,1935,SHA
Ettenhausen I-814.exb,616.437,0:10:16,female,1955,1914,SHA
Ettenhausen I-815.exb,616.616,0:10:17,male,1955,1884,SHA
Ettenhausen I-817.exb,819.341,0:13:39,female,1955,1940,SHA
Flein I-5510.exb,1032.062,0:17:12,female,1964,1901,HN
Flein I-5511.exb,580.912,0:09:41,female,1964,1932,HN
Flein I-5512.exb,1523.819,0:25:24,male,1964,1898,HN
Flein I-5513.exb,678.204,0:11:18,male,1964,1929,HN
Flochberg I-694.exb,671.895,0:11:12,male,1955,1874,AA
Flochberg I-695.exb,469.561,0:07:50,female,1955,1895,AA
Flochberg I-696.exb,538.212,0:08:58,male,1955,1922,AA
Forst XI-270.exb,1002.320,0:16:42,male,1987,1931,KA
Forst XI-271.exb,681.626,0:11:22,female,1987,1932,KA
Frankenbach I-5487.exb,1225.552,0:20:26,female,1964,1909,HN
Frankenbach I-5488.exb,1227.711,0:20:28,male,1964,1914,HN
Frauenriedhausen I-4917.exb,972.758,0:16:13,male,1959,1887,DLG
Frauenriedhausen I-4918.exb,585.250,0:09:45,female,1959,1918,DLG
Frauenriedhausen I-4919.exb,1170.067,0:19:30,female,1959,1933,DLG
Frommenhausen K-30.exb,907.459,0:15:07,male,1963,1911,
Gellmersbach I-5489.exb,1159.227,0:19:19,female,1964,1889,HN
Gellmersbach I-5490.exb,1143.182,0:19:03,female,1964,1934,HN
Gellmersbach I-5491.exb,778.054,0:12:58,female,1964,1911,HN
Gellmersbach I-5492.exb,745.491,0:12:25,male,1964,1955,HN
Gemmrigheim I-758.exb,829.352,0:13:49,male,1955,1879,LB
Gemmrigheim I-759.exb,675.981,0:11:16,male,1955,1897,LB
Gemmrigheim I-760.exb,596.567,0:09:57,male,1955,1932,LB
Goldburghausen I-5444.exb,790.976,0:13:11,male,1964,1901,AA
Goldburghausen I-5445.exb,1115.672,0:18:36,male,1964,1920,AA
Goldburghausen I-5446.exb,490.428,0:08:10,male,1964,1940,AA
Grab I-5479.exb,666.986,0:11:07,male,1964,1882,WN
Grab I-5480.exb,637.425,0:10:37,male,1964,1935,WN
Grab I-5481.exb,898.362,0:14:58,male,1964,1906,WN
Greuthof (Vierundzwanzig Höfe) X-65.exb,2314.158,0:38:34,female,1964,1885,
Greuthof (Vierundzwanzig Höfe) X-66.exb,836.921,0:13:57,female,1964,1921,FDS
Großkuchen I-5433.exb,1018.993,0:16:59,female,1964,1919,HDH
Grunbach XI-94.exb,1887.065,0:31:27,male,1966,1905,
Grunbach XI-95.exb,975.818,0:16:16,male,1966,1893,
Grunbach XI-96.exb,941.847,0:15:42,female,1966,1899,
Gutmadingen XI-262.exb,1707.360,0:28:27,male,1987,1922,TUT
Göllsdorf I-5045.exb,408.887,0:06:49,male,1959,1896,RW
Göllsdorf I-5046.exb,461.620,0:07:42,female,1959,1894,RW
Göllsdorf I-5047.exb,522.048,0:08:42,male,1959,1937,
Gönningen I-258.exb,545.280,0:09:05,female,1955,1913,RT
Gönningen I-259.exb,540.987,0:09:01,female,1955,1912,RT
Gönningen I-260.exb,564.302,0:09:24,male,1955,1939,RT
Haslach X-117.exb,1029.612,0:17:10,male,1964,1894,OG
Haslach X-118.exb,2321.136,0:38:41,female,1964,1893,OG
Haslach X-119.exb,1153.073,0:19:13,female,1964,1887,OG
Haslach X-120.exb,722.242,0:12:02,female,1964,1922,OG
Hausach X-121.exb,1495.573,0:24:56,male,1964,1903,OG
Hausach X-122.exb,562.438,0:09:22,male,1964,1897,OG
Hausach X-123.exb,862.693,0:14:23,female,1964,1925,OG
Hayingen I-267.exb,671.898,0:11:12,male,1955,1895,RT
Hayingen I-268.exb,673.192,0:11:13,male,1955,1897,RT
Hayingen I-270.exb,517.828,0:08:38,male,1955,1934,RT
Hayingen I-271.exb,442.755,0:07:23,male,1955,1938,RT
Heimsheim I-214.exb,595.796,0:09:56,male,1955,1880,PF
Heimsheim I-217.exb,638.721,0:10:39,male,1955,1915,PF
Heimsheim I-219.exb,610.003,0:10:10,female,1955,1931,PF
Hengstfeld I-829.exb,485.400,0:08:05,female,1955,1884,SHA
Hengstfeld I-830.exb,598.371,0:09:58,female,1955,1913,SHA
Hengstfeld I-831.exb,795.531,0:13:16,male,1955,1937,SHA
Herkheim I-5438.exb,1005.546,0:16:46,male,1964,1935,DON
Herkheim I-5439.exb,1005.663,0:16:46,male,1964,1907,DON
Herkheim I-5440.exb,1255.433,0:20:55,female,1964,1884,DON
Hettlingen I-4910.exb,734.687,0:12:15,male,1959,1893,DLG
Hettlingen I-4911.exb,504.061,0:08:24,male,1959,1933,DLG
Hettlingen I-4915.exb,671.008,0:11:11,male,1959,1883,DLG
Hettlingen I-4916.exb,533.565,0:08:54,male,1959,1910,DLG
Hinterheubach X-115.exb,1950.055,0:32:30,female,1964,1894,OG
Hinterheubach X-116.exb,1234.000,0:20:34,male,1964,1901,OG
Hinterlangenbach X-11.exb,1918.677,0:31:59,female,1964,1875,FDS
Hinterlangenbach X-12.exb,954.329,0:15:54,female,1964,1940,FDS
Hinterlangenbach X-13.exb,985.572,0:16:26,female,1964,1918,FDS
Hinterlangenbach X-14.exb,972.537,0:16:13,female,1964,1904,FDS
Hinterlangenbach X-15.exb,1950.055,0:32:30,male,1964,1902,FDS
Hinterlangenbach X-16.exb,1131.618,0:18:52,female,1964,1934,FDS
Hinterlangenbach X-17.exb,810.734,0:13:31,male,1964,1926,FDS
Hirrlingen I-166.exb,892.229,0:14:52,male,1955,1904,
Hirrlingen I-167.exb,803.877,0:13:24,male,1955,1883,TÜ
Hirrlingen I-168.exb,654.367,0:10:54,male,1955,1883,TÜ
Hirsau I-209.exb,581.118,0:09:41,male,1955,1872,CW
Hirsau I-210.exb,572.102,0:09:32,male,1955,1941,CW
Hirsau I-211.exb,757.597,0:12:38,male,1955,1923,CW
Hohenhaslach I-5519.exb,883.673,0:14:44,male,1964,1890,LB
Hohenhaslach I-5520.exb,689.586,0:11:30,male,1964,1940,LB
Hohenhaslach I-5521.exb,1267.475,0:21:07,male,1964,1912,LB
Hohenhaslach I-5522.exb,823.167,0:13:43,female,1964,1912,LB
Hohenstadt I-716.exb,793.542,0:13:14,male,1955,1886,
Hohenstadt I-717.exb,691.224,0:11:31,male,1955,1905,GP
Hohenstadt I-718.exb,605.191,0:10:05,male,1955,1935,GP
Häfnerhaslach I-5517.exb,1218.185,0:20:18,male,1964,1904,LB
Häfnerhaslach I-5518.exb,1247.634,0:20:48,female,1964,1906,LB
Höchstberg I-5485.exb,1068.199,0:17:48,male,1964,1900,HN
Höchstberg I-5486.exb,745.659,0:12:26,female,1964,1907,HN
Illmensee I-5002.exb,946.266,0:15:46,male,1959,1871,SIG
Illmensee I-5003.exb,684.978,0:11:25,male,1959,1893,SIG
Illmensee I-5004.exb,416.901,0:06:57,male,1959,1903,SIG
Iptingen I-768.exb,715.070,0:11:55,male,1955,1896,PF
Iptingen I-769.exb,600.672,0:10:01,female,1955,1932,PF
Iptingen I-770.exb,614.244,0:10:14,male,1955,1885,PF
Isingen I-186.exb,526.605,0:08:47,female,1955,1938,BL
Isingen I-187.exb,589.223,0:09:49,male,1955,1895,BL
Isingen I-188.exb,765.216,0:12:45,male,1955,1904,BL
Jungingen I-261.exb,671.756,0:11:12,male,1955,1924,BL
Jungingen I-262.exb,749.566,0:12:30,male,1955,1895,BL
Jungingen I-263.exb,509.065,0:08:29,male,1955,1906,BL
Kaisersbach I-786.exb,704.013,0:11:44,male,1955,1877,WN
Kaisersbach I-787.exb,651.207,0:10:51,female,1955,1869,WN
Kaisersbach I-788.exb,834.378,0:13:54,male,1955,1898,WN
Kaisersbach I-790.exb,650.582,0:10:51,female,1955,1930,WN
Kirchberg I-346.exb,595.504,0:09:56,male,1955,1929,BC
Kirchberg I-347.exb,633.009,0:10:33,male,1955,1924,BC
Kirchberg I-348.exb,550.793,0:09:11,female,1955,1876,BC
Kleinkuchen I-5434.exb,1630.833,0:27:11,male,1964,1878,HDH
Kleinkuchen I-5435.exb,674.629,0:11:15,male,1964,1880,HDH
Klosterreichenbach I-197.exb,784.898,0:13:05,male,1955,1941,FDS
Klosterreichenbach I-198.exb,647.925,0:10:48,female,1955,1924,FDS
Klosterreichenbach I-202.exb,513.312,0:08:33,male,1955,1883,FDS
Kniebis (bad.) I-5014.exb,813.208,0:13:33,male,1959,1882,FDS
Kniebis (bad.) I-5015.exb,500.669,0:08:21,male,1959,1894,FDS
Kniebis (bad.) I-5016.exb,262.016,0:04:22,male,1959,1925,FDS
Kniebis (württ.) I-5007.exb,1377.104,0:22:57,male,1959,1886,FDS
Kniebis (württ.) I-5008.exb,741.187,0:12:21,male,1959,1894,FDS
Kniebis (württ.) I-5009.exb,608.889,0:10:09,male,1959,1880,FDS
Kniebis (württ.) I-5010.exb,507.560,0:08:28,male,1959,1886,FDS
Kniebis (württ.) I-5011.exb,741.673,0:12:22,female,1959,1872,FDS
Kniebis (württ.) I-5012.exb,536.283,0:08:56,male,1959,1886,FDS
Kniebis (württ.) I-5013.exb,477.226,0:07:57,female,1959,1947,FDS
Kreuzthal I-4987.exb,535.676,0:08:56,male,1959,1886,OA
Kreuzthal I-4988.exb,485.839,0:08:06,male,1959,1914,OA
Kreuzthal I-4989.exb,506.882,0:08:27,male,1959,1892,OA
Kreuzthal I-4990.exb,468.030,0:07:48,male,1959,1884,
Kronau XI-268.exb,907.586,0:15:08,w; w,1987,1968,KA
Kronau XI-269.exb,1352.933,0:22:33,male,1987,1929,KA
Kusterdingen XI-211.exb,970.469,0:16:10,female,1968,1885,TÜ
Kusterdingen XI-212.exb,875.865,0:14:36,male,1968,1881,TÜ
Kusterdingen XI-213.exb,1024.072,0:17:04,female,1968,1920,TÜ
Königsbronn I-683.exb,670.310,0:11:10,male,1955,1927,HDH
Königsbronn I-684.exb,800.644,0:13:21,male,1955,1894,HDH
Königshofen I-5456.exb,1075.382,0:17:55,male,1964,1894,AN
Königshofen I-5457.exb,1833.123,0:30:33,female,1964,1896,AN
Königshofen I-5458.exb,545.840,0:09:06,male,1964,1915,AN
Kösingen I-5436.exb,710.259,0:11:50,male,1964,1939,AA
Kösingen I-676.exb,618.329,0:10:18,male,1955,1923,AA
Kösingen I-677.exb,449.962,0:07:30,male,1955,1888,AA
Kösingen I-681.exb,729.617,0:12:10,male,1955,1907,AA
Langenau I-667.exb,641.105,0:10:41,male,1955,1886,UL
Langenau I-669.exb,822.439,0:13:42,male,1955,1898,UL
Langenau I-670.exb,643.241,0:10:43,female,1955,1927,UL
Langenordnach XI-260.exb,1379.293,0:22:59,male,1987,1941,FR
Lauben I-376.exb,680.716,0:11:21,male,1955,1905,OA
Lauben I-377.exb,558.774,0:09:19,male,1955,1931,MN
Lauben I-379.exb,621.415,0:10:21,male,1955,1899,OA
Lauterbach I-5031.exb,531.090,0:08:51,male,1959,1887,RW
Lauterbach I-5032.exb,246.452,0:04:06,female,1959,1888,RW
Lehengericht (Hinteres Lehengericht) I-5030.exb,677.303,0:11:17,male,1959,1890,RW
Lehengericht (Oberreichenbächle) I-5027.exb,898.713,0:14:59,male,1959,1895,RW
Lehengericht (Oberreichenbächle) I-5028.exb,366.837,0:06:07,male,1959,1930,RW
Lehengericht (Oberreichenbächle) I-5029.exb,489.635,0:08:10,female,1959,1896,RW
Leimiß X-1.exb,1055.985,0:17:36,male,1964,1903,FDS
Leimiß X-10.exb,452.888,0:07:33,male,1964,1957,FDS
Leimiß X-130.exb,1847.298,0:30:47,male,1974,1934,
Leimiß X-2.exb,898.113,0:14:58,male,1964,1900,FDS
Leimiß X-27.exb,1914.514,0:31:55,female,1964,1900,FDS
Leimiß X-28.exb,1791.018,0:29:51,male,1964,1903,
Leimiß X-29.exb,1068.819,0:17:49,female,1964,1910,FDS
Leimiß X-3.exb,2513.519,0:41:54,male,1964,1934,FDS
Leimiß X-30.exb,296.937,0:04:57,female,1964,1940,FDS
Leimiß X-4.exb,1334.464,0:22:14,male,1964,1904,FDS
Leimiß X-5.exb,497.180,0:08:17,male,1964,1951,FDS
Leimiß X-6.exb,1303.364,0:21:43,male,1964,1910,FDS
Leimiß X-7.exb,1221.978,0:20:22,female,1964,1908,FDS
Leimiß X-8.exb,747.684,0:12:28,male,1964,1923,FDS
Leimiß X-9.exb,1222.907,0:20:23,female,1964,1929,FDS
Leupolz I-323.exb,538.134,0:08:58,female,1955,1892,RV
Leupolz I-324.exb,703.364,0:11:43,male,1955,1925,RV
Leupolz I-325.exb,541.037,0:09:01,female,1955,1938,RV
Liggersdorf I-139.exb,512.730,0:08:33,male,1955,,KN
Liggersdorf I-141.exb,552.700,0:09:13,male,1955,1898,KN
Liggersdorf I-143.exb,568.121,0:09:28,male,1955,1892,KN
Liggersdorf I-144.exb,622.070,0:10:22,male,1955,1925,KN
Lindenbuch (Vierundzwanzig Höfe) X-67.exb,1852.155,0:30:52,male,1964,1893,
Lindenbuch (Vierundzwanzig Höfe) X-68.exb,1160.166,0:19:20,female,1964,1891,FDS
Marlen XI-267.exb,923.133,0:15:23,male,1987,1928,OG
Marxheim I-4894.exb,845.510,0:14:06,male,1959,1876,DON
Marxheim I-4895.exb,584.470,0:09:44,male,1959,1901,DON
Marxheim I-4896.exb,432.226,0:07:12,female,1959,1938,DON
Mengen I-294.exb,478.975,0:07:59,male,1955,1901,SIG
Mengen I-295.exb,692.747,0:11:33,male,1955,1920,SIG
Merklingen XI-170.exb,937.447,0:15:37,female,1968,1905,UL
Merklingen XI-171.exb,881.940,0:14:42,male,1968,1906,UL
Merklingen XI-172.exb,606.923,0:10:07,female,1968,1937,UL
Meßbach I-810.exb,699.055,0:11:39,female,1955,1877,KÜN
Meßbach I-811.exb,667.114,0:11:07,male,1955,1917,KÜN
Meßbach I-812.exb,551.562,0:09:12,male,1955,1933,KÜN
Michelfeld I-793.exb,612.529,0:10:13,male,1955,1904,SHA
Michelfeld I-794.exb,500.105,0:08:20,female,1955,1941,SHA
Michelfeld I-795.exb,672.912,0:11:13,male,1955,1873,SHA
Mindelaltheim I-4928.exb,692.387,0:11:32,male,1959,1895,GZ
Mindelaltheim I-4929.exb,826.537,0:13:47,male,1959,1906,GZ
Mindelaltheim I-4930.exb,874.194,0:14:34,male,1959,1903,GZ
Mindelaltheim I-4931.exb,575.767,0:09:36,female,1959,1926,GZ
Missen I-383.exb,634.926,0:10:35,female,1955,1924,OA
Missen I-384.exb,586.550,0:09:47,male,1955,1881,OA
Missen I-387.exb,583.026,0:09:43,female,1955,1908,OA
Mittellangenbach X-34.exb,948.840,0:15:49,male,1964,1901,
Mitteltal I-5023.exb,818.993,0:13:39,male,1959,1876,FDS
Mitteltal I-5024.exb,674.448,0:11:14,male,1959,1880,FDS
Mooshausen I-343.exb,717.906,0:11:58,female,1955,1926,RV
Mooshausen I-344.exb,630.965,0:10:31,female,1955,1890,RV
Mooshausen I-345.exb,620.632,0:10:21,female,1955,1904,RV
Munzingen I-5447.exb,811.041,0:13:31,male,1964,1928,DON
Munzingen I-5448.exb,669.222,0:11:09,male,1964,1890,DON
Munzingen I-5449.exb,568.532,0:09:29,female,1964,1905,DON
Mähringen I-659.exb,774.420,0:12:54,female,1955,1888,
Mähringen I-660.exb,595.762,0:09:56,male,1955,1908,
Mähringen I-664.exb,577.254,0:09:37,female,1955,1938,
Mönchsdeggingen I-4887.exb,1129.365,0:18:49,male,1959,1879,DON
Mönchsdeggingen I-4888.exb,544.389,0:09:04,female,1959,1883,DON
Mönchsdeggingen I-4890.exb,323.467,0:05:23,female,1959,1914,DON
Mönchsdeggingen I-4892.exb,798.459,0:13:18,male,1959,1910,DON
Mönchsdeggingen I-4893.exb,732.495,0:12:12,female,1959,1937,DON
Münster (BY) I-4965.exb,781.639,0:13:02,female,1959,1890,A
Münster (BY) I-4966.exb,366.280,0:06:06,female,1959,1896,A
Münster (BY) I-4969.exb,611.588,0:10:12,female,1959,1894,A
Neipperg I-5514.exb,1651.190,0:27:31,male,1964,1890,HN
Neipperg I-5515.exb,832.277,0:13:52,male,1964,1927,HN
Neipperg I-5516.exb,563.372,0:09:23,female,1964,1921,HN
Neubulach I-203.exb,626.203,0:10:26,female,1955,1892,CW
Neubulach I-204.exb,544.239,0:09:04,female,1955,1906,CW
Neubulach I-205.exb,631.697,0:10:32,male,1955,1930,CW
Neuenstein I-5498.exb,1467.438,0:24:27,male,1964,1893,KÜN
Neuhausen ob Eck I-145.exb,639.857,0:10:40,"m, m",1955,1897,TUT
Neuhausen ob Eck I-146.exb,788.982,0:13:09,"m, m",1955,1886,TUT
Neuhausen ob Eck I-149.exb,441.510,0:07:22,"m, m",1955,1897,TUT
Neuler I-688.exb,662.510,0:11:03,male,1955,1911,AA
Neuler I-689.exb,656.400,0:10:56,male,1958,1936,AA
Neuler I-693.exb,615.306,0:10:15,male,1955,1880,AA
Neumünster I-4934.exb,397.084,0:06:37,female,1959,1903,A
Neumünster I-4935.exb,537.924,0:08:58,male,1959,1880,A
Neumünster I-4936.exb,940.726,0:15:41,male,1959,1922,A
Neumünster I-4939.exb,505.989,0:08:26,male,1959,1924,A
Obenhausen I-359.exb,662.335,0:11:02,male,1955,1907,NU
Obenhausen I-360.exb,533.237,0:08:53,male,1955,1901,NU
Obenhausen I-361.exb,670.963,0:11:11,male,1955,1935,NU
Oberbergen I-4958.exb,575.835,0:09:36,male,1959,1925,FR
Oberbergen I-4959.exb,664.335,0:11:04,male,1959,1892,FR
Oberbergen I-4960.exb,628.169,0:10:28,male,1959,1902,FR
Oberbergen I-4961.exb,576.972,0:09:37,male,1959,1928,FR
Oberbergen XI-215.exb,887.870,0:14:48,female,1969,1910,FR
Oberbergen XI-216.exb,1030.779,0:17:11,female,1969,1942,FR
Oberbergen XI-217.exb,857.981,0:14:18,male,1969,1943,FR
Oberbergen XI-218.exb,731.510,0:12:12,male,1969,1909,FR
Oberbergen XI-219.exb,1178.810,0:19:39,male,1969,1899,FR
Oberbergen XI-220.exb,943.971,0:15:44,female,1969,1899,FR
Oberderdingen I-5524.exb,1461.675,0:24:22,male,1964,1898,KA
Oberderdingen I-5525.exb,1428.886,0:23:49,female,1964,1898,KA
Oberderdingen I-5526.exb,808.304,0:13:28,male,1964,1929,KA
Obergriesheim I-736.exb,849.753,0:14:10,male,1955,1883,HN
Obergriesheim I-737.exb,664.928,0:11:05,male,1955,1898,HN
Obergriesheim I-738.exb,773.191,0:12:53,male,1955,1931,HN
Oberreitnau I-317.exb,583.999,0:09:44,male,1955,1872,LI
Oberreitnau I-318.exb,645.526,0:10:46,male,1955,1903,LI
Oberreitnau I-320.exb,529.652,0:08:50,male,,,LI
Oberschondorf I-4951.exb,787.034,0:13:07,male,1959,1870,LL
Oberschondorf I-4952.exb,697.806,0:11:38,male,1959,1911,LL
Oberschondorf I-4953.exb,760.616,0:12:41,male,1959,1883,LL
Oberschondorf I-4954.exb,577.708,0:09:38,male,1959,1924,LL
Obersimonswald XI-237.exb,1936.531,0:32:17,female,1970,1892,EM
Obersimonswald XI-238.exb,1961.846,0:32:42,female,1970,1893,EM
Obersimonswald XI-239.exb,1122.673,0:18:43,male,1970,1934,EM
Obersimonswald XI-240.exb,1485.606,0:24:46,male,1970,1930,EM
Obersimonswald XI-241.exb,987.073,0:16:27,female,1970,1935,EM
Obersimonswald XI-242.exb,790.236,0:13:10,male,1970,1901,EM
Obersimonswald XI-243.exb,555.330,0:09:15,male,1970,1958,EM
Obersteinach I-5500.exb,599.106,0:09:59,male,1964,1936,SHA
Obersteinach I-5501.exb,1268.863,0:21:09,male,1964,1890,SHA
Obersteinach I-5502.exb,1268.863,0:21:09,mw,1964,1897,SHA
Ochsenburg I-742.exb,565.016,0:09:25,male,1955,1881,HN
Ochsenburg I-743.exb,572.853,0:09:33,female,1955,1921,HN
Ochsenburg I-744.exb,743.093,0:12:23,male,1955,1936,HN
Ochsenburg I-746.exb,743.093,0:12:23,female,1955,1936,HN
Opfenbach XI-251.exb,863.813,0:14:24,female,1975,1909,LI
Oppelsbohm I-5471.exb,1548.178,0:25:48,male,1964,1895,WN
Oppelsbohm I-5472.exb,688.378,0:11:28,female,1964,1911,WN
Oppelsbohm I-5473.exb,681.369,0:11:21,male,1964,1904,WN
Oppelsbohm I-5474.exb,442.343,0:07:22,male,1964,1947,WN
Pappelau XI-173.exb,1128.095,0:18:48,male,1968,1920,UL
Pappelau XI-174.exb,720.554,0:12:01,female,1968,1924,UL
Pfrungen I-5005.exb,629.797,0:10:30,male,1959,1881,RV
Pfrungen I-5006.exb,575.412,0:09:35,male,1959,1932,RV
Plieningen I-231.exb,490.036,0:08:10,female,1955,1930,S
Plieningen I-232.exb,562.308,0:09:22,male,1955,1892,S
Plieningen I-234.exb,703.634,0:11:44,male,1955,1920,S
Ratzenhofen I-4982.exb,658.861,0:10:59,male,1959,1884,RV
Ratzenhofen I-4983.exb,519.538,0:08:40,female,1959,1897,RV
Ratzenhofen I-4984.exb,464.864,0:07:45,male,1959,1908,RV
Ratzenhofen I-4985.exb,557.203,0:09:17,male,1959,1916,RV
Ratzenhofen I-4986.exb,894.501,0:14:55,male,1959,1903,RV
Reutti XI-169.exb,1879.897,0:31:20,female,1968,1893,NU
Rheinsheim XI-272.exb,729.586,0:12:10,female,1987,1943,KA
Rietheim I-150.exb,674.406,0:11:14,female,1955,1874,TUT
Rietheim I-151.exb,977.528,0:16:18,"w, w",1955,1908,
Rietheim I-156.exb,609.866,0:10:10,male,1955,1920,TUT
Rodt I-192.exb,561.902,0:09:22,male,1955,1882,FDS
Rodt I-193.exb,526.135,0:08:46,female,1955,1932,FDS
Rodt I-194.exb,638.371,0:10:38,female,1955,1895,FDS
Romishorn (Vierundzwanzig Höfe) X-35.exb,1160.685,0:19:21,male,1964,1895,FDS
Romishorn (Vierundzwanzig Höfe) X-36.exb,757.736,0:12:38,female,1964,1895,FDS
Romishorn (Vierundzwanzig Höfe) X-37.exb,902.733,0:15:03,male,1964,1930,FDS
Romishorn (Vierundzwanzig Höfe) X-38.exb,1446.475,0:24:06,female,1964,1937,FDS
Romishorn (Vierundzwanzig Höfe) X-39.exb,757.736,0:12:38,male,1964,1900,FDS
Romishorn (Vierundzwanzig Höfe) X-40.exb,1045.966,0:17:26,female,1964,1933,FDS
Romishorn (Vierundzwanzig Höfe) X-41.exb,908.550,0:15:09,female,1964,1893,FDS
Romishorn (Vierundzwanzig Höfe) X-42.exb,825.410,0:13:45,female,1964,1958,FDS
Romishorn (Vierundzwanzig Höfe) X-43.exb,1086.355,0:18:06,male,1964,1899,FDS
Romishorn (Vierundzwanzig Höfe) X-44.exb,1139.381,0:18:59,female,1964,1912,FDS
Romishorn (Vierundzwanzig Höfe) X-45.exb,778.897,0:12:59,female,1964,1941,FDS
Romishorn (Vierundzwanzig Höfe) X-46.exb,837.655,0:13:58,male,1964,1954,FDS
Romishorn (Vierundzwanzig Höfe) X-47.exb,827.087,0:13:47,male,1964,1955,FDS
Romishorn (Vierundzwanzig Höfe) X-48.exb,321.085,0:05:21,male,1964,1950,FDS
Romishorn (Vierundzwanzig Höfe) X-49.exb,1206.000,0:20:06,male,1964,1932,FDS
Romishorn (Vierundzwanzig Höfe) X-50.exb,1495.508,0:24:56,female,1964,1920,FDS
Romishorn (Vierundzwanzig Höfe) X-51.exb,778.245,0:12:58,female,1964,1896,FDS
Romishorn (Vierundzwanzig Höfe) X-52.exb,329.277,0:05:29,male,1964,1953,FDS
Romishorn (Vierundzwanzig Höfe) X-53.exb,636.232,0:10:36,female,1964,1955,FDS
Romishorn (Vierundzwanzig Höfe) X-54.exb,1294.032,0:21:34,male,1964,1909,
Romishorn (Vierundzwanzig Höfe) X-55.exb,1204.034,0:20:04,male,1964,1915,
Romishorn (Vierundzwanzig Höfe) X-56.exb,752.271,0:12:32,female,1964,1926,
Romishorn (Vierundzwanzig Höfe) X-57.exb,924.769,0:15:25,male,1964,1954,
Romishorn (Vierundzwanzig Höfe) X-58.exb,1021.527,0:17:02,female,1964,1951,
Rottweil I-5041.exb,552.930,0:09:13,male,1959,1909,
Rottweil I-5042.exb,921.100,0:15:21,male,1959,1894,
Rottweil I-5043.exb,581.888,0:09:42,male,1959,1935,
Rottweil I-5044.exb,437.246,0:07:17,female,1959,1959,
Rudelstetten I-5467.exb,1357.377,0:22:37,male,1964,1901,DON
Rudelstetten I-5468.exb,592.409,0:09:52,female,1964,1899,DON
Rudelstetten I-5469.exb,645.699,0:10:46,female,1964,1928,
Schanbach I-779.exb,645.984,0:10:46,male,1955,1891,
Schanbach I-780.exb,596.357,0:09:56,male,1955,1917,ES
Schanbach I-781.exb,748.506,0:12:29,male,1955,1940,ES
Schiltach I-5025.exb,837.747,0:13:58,male,1959,1882,
Schiltach I-5026.exb,689.239,0:11:29,male,1959,1909,
Schlier I-311.exb,607.892,0:10:08,male,1955,1883,RV
Schlier I-312.exb,577.729,0:09:38,male,1955,1936,RV
Schlier I-314.exb,612.571,0:10:13,male,1955,1863,RV
Schramberg I-5033.exb,521.317,0:08:41,female,1959,1885,RW
Schramberg I-5034.exb,334.157,0:05:34,female,1959,1884,RW
Schupfholz XI-230.exb,1008.091,0:16:48,male,1969,1901,EM
Schupfholz XI-231.exb,1060.726,0:17:41,female,1969,1907,EM
Schupfholz XI-232.exb,817.451,0:13:37,male,1969,1950,EM
Schwenningen I-5035.exb,344.363,0:05:44,male,1959,1892,VS
Schwenningen I-5036.exb,249.446,0:04:09,female,1959,1899,VS
Schwenningen I-5037.exb,333.691,0:05:34,male,1959,1892,VS
Schwenningen I-5038.exb,432.557,0:07:13,male,1959,1898,VS
Schwenningen I-5039.exb,495.545,0:08:16,male,1959,1891,VS
Schwenningen I-5040.exb,316.144,0:05:16,male,1959,1930,VS
Schwieberdingen I-748.exb,724.867,0:12:05,male,1955,1880,
Schwieberdingen I-749.exb,566.393,0:09:26,male,1955,1903,
Schwieberdingen I-750.exb,604.628,0:10:05,male,1955,1935,LB
Schwörsheim I-5450.exb,1075.818,0:17:56,male,1964,1895,DON
Schwörsheim I-5451.exb,829.825,0:13:50,female,1964,1896,DON
Schwörsheim I-5452.exb,676.963,0:11:17,female,1964,1928,DON
Serres I-773.exb,689.565,0:11:30,male,1955,1891,PF
Serres I-774.exb,561.887,0:09:22,female,1955,1922,PF
Serres I-775.exb,586.230,0:09:46,female,1955,,PF
Sommersbach I-4992.exb,375.746,0:06:16,male,1959,1943,
Sommersbach I-4993.exb,329.406,0:05:29,female,1959,1929,
Sommersbach I-4994.exb,581.038,0:09:41,male,1959,1893,
Sommersbach I-4995.exb,236.724,0:03:57,male,1959,1922,
Sommersbach I-4996.exb,565.873,0:09:26,male,1959,1926,
St_Roman X-100.exb,1721.559,0:28:42,male,1964,1928,
St_Roman X-101.exb,505.432,0:08:25,female,1964,1946,
St_Roman X-102.exb,710.828,0:11:51,female,1964,1931,
St_Roman X-103.exb,538.867,0:08:59,female,1964,1952,
St_Roman X-104.exb,618.575,0:10:19,female,1964,1956,
St_Roman X-105.exb,621.000,0:10:21,female,1964,1925,
St_Roman X-106.exb,462.502,0:07:43,male,1964,1952,
St_Roman X-107.exb,583.891,0:09:44,male,1964,1954,
St_Roman X-108.exb,759.243,0:12:39,male,1964,1922,
St_Roman X-109.exb,897.306,0:14:57,female,1964,1896,
St_Roman X-110.exb,555.171,0:09:15,male,1964,1897,
St_Roman X-111.exb,613.402,0:10:13,female,1964,1892,
St_Roman X-112.exb,576.165,0:09:36,male,1964,1935,
St_Roman X-113.exb,1126.586,0:18:47,male,1964,1930,
St_Roman X-114.exb,991.440,0:16:31,female,1964,1901,
St_Roman X-126.exb,946.189,0:15:46,male,1974,1957,
St_Roman X-127.exb,912.683,0:15:13,male,1974,1928,
St_Roman X-128.exb,976.886,0:16:17,male,1974,1952,
St_Roman X-129.exb,919.254,0:15:19,male,1974,1955,
St_Roman X-69.exb,1117.352,0:18:37,male,1964,1932,OG
St_Roman X-70.exb,801.239,0:13:21,female,1964,1901,
St_Roman X-71.exb,663.361,0:11:03,female,1964,1932,
St_Roman X-72.exb,1256.357,0:20:56,male,1964,1912,
St_Roman X-73.exb,577.840,0:09:38,male,1964,1880,
St_Roman X-74.exb,630.723,0:10:31,female,1964,1903,
St_Roman X-75.exb,711.192,0:11:51,female,1964,1950,
St_Roman X-76.exb,645.839,0:10:46,male,1964,1946,
St_Roman X-77.exb,1435.271,0:23:55,male,1964,1931,
St_Roman X-78.exb,1731.988,0:28:52,male,1964,1897,
St_Roman X-79.exb,616.629,0:10:17,female,1964,1932,
St_Roman X-80.exb,727.388,0:12:07,female,1964,1902,
St_Roman X-81.exb,1536.301,0:25:36,female,1964,1894,
St_Roman X-82.exb,1026.557,0:17:07,female,1964,1933,OG
St_Roman X-83.exb,1187.687,0:19:48,female,1964,1894,OG
St_Roman X-84.exb,730.893,0:12:11,female,1964,1905,OG
St_Roman X-85.exb,472.028,0:07:52,female,1964,1949,OG
St_Roman X-86.exb,1391.550,0:23:12,female,1964,1918,OG
St_Roman X-87.exb,1297.395,0:21:37,female,1964,1896,OG
St_Roman X-88.exb,598.677,0:09:59,female,1964,1927,
St_Roman X-89.exb,1921.726,0:32:02,male,1964,1899,
St_Roman X-90.exb,1363.971,0:22:44,male,1964,1927,
St_Roman X-91.exb,2988.110,0:49:48,female,1964,1889,
St_Roman X-92.exb,1141.383,0:19:01,female,1964,1895,
St_Roman X-93.exb,601.359,0:10:01,female,1964,1921,
St_Roman X-94.exb,1150.304,0:19:10,male,1964,1922,
St_Roman X-95.exb,915.116,0:15:15,male,1964,1902,
St_Roman X-96.exb,980.889,0:16:21,male,1964,1929,
St_Roman X-97.exb,929.938,0:15:30,female,1964,1934,OG
St_Roman X-98.exb,494.644,0:08:15,male,1964,1957,
St_Roman X-99.exb,2101.804,0:35:02,male,1964,1895,
Stuttgart I-220.exb,605.309,0:10:05,male,1955,1878,S
Stuttgart I-221.exb,613.024,0:10:13,male,1955,1880,S
Stuttgart I-222.exb,547.215,0:09:07,male,1955,1906,S
Stuttgart I-223.exb,565.775,0:09:26,female,1955,1887,
Stuttgart I-224.exb,603.736,0:10:04,male,1955,1905,S
Stuttgart I-228.exb,503.518,0:08:24,male,1955,1904,S
Stuttgart I-229.exb,685.075,0:11:25,male,1955,1939,S
Stuttgart III-137.exb,929.920,0:15:30,male,1961,1947,S
Stuttgart III-138.exb,715.008,0:11:55,male,1961,1943,S
Stuttgart III-139.exb,687.829,0:11:28,male,1961,1926,S
Stuttgart III-140.exb,658.708,0:10:59,male,1961,1904,S
Stuttgart III-141.exb,699.497,0:11:39,female,1961,1906,S
Stuttgart III-142.exb,743.731,0:12:24,female,,,S
Stuttgart III-143.exb,719.745,0:12:00,male,1961,1913,S
Stuttgart III-145.exb,676.521,0:11:17,female,1961,1920,S
Stuttgart III-146.exb,737.569,0:12:18,female,1961,1897,S
Suppingen I-243.exb,703.634,0:11:44,male,1955,1878,UL
Suppingen I-244.exb,586.509,0:09:47,female,1955,1935,UL
Suppingen I-246.exb,314.525,0:05:15,female,1955,1935,UL
Suppingen I-247.exb,528.457,0:08:48,male,1955,1909,UL
Thalheim XI-256.exb,972.093,0:16:12,male,1987,1943,SIG
Tieringen I-157.exb,688.219,0:11:28,male,1955,1887,BL
Tieringen I-158.exb,669.045,0:11:09,male,1955,1903,BL
Tieringen I-161.exb,553.386,0:09:13,female,1955,1925,
Tomerdingen XI-175.exb,1940.748,0:32:21,male,1968,1895,
Tomerdingen XI-176.exb,963.906,0:16:04,female,1968,1940,
Trollenberg (Vierundzwanzig Höfe) X-59.exb,869.320,0:14:29,male,1964,1902,
Trollenberg (Vierundzwanzig Höfe) X-60.exb,583.912,0:09:44,female,1964,1913,
Trollenberg (Vierundzwanzig Höfe) X-61.exb,1492.079,0:24:52,male,1964,1884,
Trollenberg (Vierundzwanzig Höfe) X-62.exb,916.851,0:15:17,male,1964,1912,
Trollenberg (Vierundzwanzig Höfe) X-63.exb,832.377,0:13:52,female,1964,1923,
Trollenberg (Vierundzwanzig Höfe) X-64.exb,743.410,0:12:23,female,1964,1937,
Tübingen I-653.exb,891.661,0:14:52,male,1955,1925,
Tübingen I-654.exb,692.730,0:11:33,male,1955,1887,
Tübingen I-655.exb,789.832,0:13:10,male,1955,1927,
Tübingen I-656.exb,929.338,0:15:29,female,1955,1934,
Tübingen I-657.exb,1197.502,0:19:58,male,1955,1900,
Tübingen I-658.exb,1420.108,0:23:40,male,1955,1885,
Tübingen III-130.exb,674.257,0:11:14,female,1961,1935,
Tübingen III-131.exb,676.724,0:11:17,male,1961,1935,
Tübingen III-132.exb,731.720,0:12:12,female,1961,1908,
Tübingen III-133.exb,652.482,0:10:52,female,1961,1911,
Tübingen III-134.exb,751.225,0:12:31,male,1961,1926,
Tübingen III-135.exb,656.743,0:10:57,female,1961,1939,
Tübingen III-136.exb,617.885,0:10:18,male,1961,1915,
Unterbergen I-4946.exb,666.030,0:11:06,male,1959,1906,AIC
Unterbergen I-4947.exb,549.728,0:09:10,male,1959,1886,AIC
Unterbergen I-4948.exb,558.330,0:09:18,male,1959,1906,AIC
Untergruppenbach I-723.exb,569.179,0:09:29,female,1955,1902,HN
Untergruppenbach I-724.exb,585.312,0:09:45,male,1955,1881,HN
Untergruppenbach I-725.exb,640.733,0:10:41,female,1955,1922,HN
Untergruppenbach I-730.exb,239.902,0:04:00,male,1955,1878,HN
Utzmemmingen I-5441.exb,887.873,0:14:48,male,1964,1901,AA
Utzmemmingen I-5442.exb,781.749,0:13:02,male,1964,1934,AA
Utzmemmingen I-5443.exb,955.773,0:15:56,male,1964,1882,AA
Volzenhäuser X-18.exb,1020.587,0:17:01,female,1964,1876,FDS
Volzenhäuser X-19.exb,2613.809,0:43:34,female,1964,1909,FDS
Volzenhäuser X-20.exb,1392.021,0:23:12,female,1964,1899,FDS
Volzenhäuser X-21.exb,836.283,0:13:56,male,1964,1882,
Volzenhäuser X-22.exb,445.579,0:07:26,male,1964,1949,
Volzenhäuser X-23.exb,629.684,0:10:30,male,1964,1950,
Volzenhäuser X-24.exb,475.546,0:07:56,male,1964,1954,
Volzenhäuser X-25.exb,321.428,0:05:21,female,1964,1952,
Volzenhäuser X-26.exb,115.604,0:01:56,male,1964,1954,
Vorderlangenbach X-33.exb,4886.174,1:21:26,male,1964,1915,
Vorderwestermurr I-5477.exb,1207.986,0:20:08,male,1964,1905,WN
Vorderwestermurr I-5478.exb,917.122,0:15:17,female,1964,1908,WN
Vöhrenbach XI-261.exb,1755.560,0:29:16,female,1987,1908,VS
Waldhausen XI-258.exb,1016.680,0:16:57,male,1987,1925,VS
Waldhausen XI-259.exb,928.413,0:15:28,female,1987,1933,VS
Waldmannshofen I-835.exb,734.388,0:12:14,male,1955,1898,TbB
Waldmannshofen I-836.exb,423.667,0:07:04,male,1955,1882,TbB
Waldmannshofen I-837.exb,604.586,0:10:05,female,1955,1936,TbB
Weiler in den Bergen I-707.exb,582.446,0:09:42,male,1955,1933,AA
Weiler in den Bergen I-708.exb,596.657,0:09:57,male,1955,1889,AA
Weiler in den Bergen I-709.exb,919.005,0:15:19,male,1955,1900,AA
Weisweil XI-274.exb,499.920,0:08:20,female,1987,1914,EM
Weltersberg (Bieringen) I-5506.exb,621.775,0:10:22,male,1964,1930,KÜN
Weltersberg (Bieringen) I-5507.exb,1132.154,0:18:52,male,1964,1934,KÜN
Weltersberg (Bieringen) I-5508.exb,441.406,0:07:21,female,,,KÜN
Weltersberg (Bieringen) I-5509.exb,609.103,0:10:09,female,1964,1895,KÜN
Wengen I-4979.exb,977.565,0:16:18,male,1959,1880,OA
Wengen I-4980.exb,452.632,0:07:33,female,1959,1891,OA
Wengen I-4981.exb,400.885,0:06:41,male,1959,1890,OA
Wildenstein I-824.exb,838.708,0:13:59,male,1955,1898,SHA
Wildenstein I-825.exb,79.427,0:01:19,male,1955,1888,SHA
Wildenstein I-827.exb,693.912,0:11:34,male,1955,1888,SHA
Wildenstein I-828.exb,516.410,0:08:36,female,1955,1940,SHA
Willstätt XI-263.exb,641.960,0:10:42,female,1987,1911,OG
Willstätt XI-264.exb,483.480,0:08:03,female,1987,1954,OG
Willstätt XI-265.exb,945.200,0:15:45,female,1987,1921,OG
Wittelshofen I-5462.exb,1158.505,0:19:19,male,1964,1886,AN
Wittelshofen I-5463.exb,899.774,0:15:00,female,1964,1889,AN
Wittelshofen I-5464.exb,1069.673,0:17:50,female,1964,1920,AN
Wolfach X-124.exb,1903.676,0:31:44,male,1964,1911,OG
Wolfach X-125.exb,724.986,0:12:05,female,1964,1918,OG
Wurmlingen K-49a.exb,659.240,0:10:59,female,1963,1901,TÜ
Wurmlingen K-49b.exb,644.426,0:10:44,female,1963,1901,TÜ
Wurmlingen K-50.exb,860.933,0:14:21,female,1963,1886,TÜ
Wurmlingen XI-221.exb,1848.181,0:30:48,female,1969,1901,TÜ
Zweiflingen I-804.exb,629.320,0:10:29,male,1955,1929,
Zweiflingen I-805.exb,834.544,0:13:55,male,1955,1889,
Zweiflingen I-806.exb,665.657,0:11:06,male,1955,1909,
Zweiflingen XI-100.exb,1025.002,0:17:05,male,1967,1922,
Zweiflingen XI-101.exb,771.290,0:12:51,female,1967,1925,
Zweiflingen XI-102.exb,633.336,0:10:33,female,1967,1951,
Zweiflingen XI-103.exb,358.285,0:05:58,female,1967,1957,
Zweiflingen XI-104.exb,810.704,0:13:31,male,1967,1955,
Zweiflingen XI-105.exb,875.155,0:14:35,male,1967,1912,
Zweiflingen XI-106.exb,377.647,0:06:18,male,1967,1949,
Zweiflingen XI-107.exb,513.722,0:08:34,female,1967,1917,
Zweiflingen XI-108.exb,662.393,0:11:02,female,1967,1950,
Zweiflingen XI-109.exb,512.804,0:08:33,male,1967,1949,
Zwickgabel X-31.exb,552.692,0:09:13,female,1964,1895,FDS
Zwickgabel X-32.exb,900.456,0:15:00,male,1964,1897,FDS
Öhringen XI-244.exb,1298.693,0:21:39,male,1970,1940,KÜN
Öhringen XI-245.exb,914.185,0:15:14,male,1970,1924,KÜN
Öhringen XI-246.exb,979.806,0:16:20,male,1970,1939,KÜN
Öhringen XI-247.exb,917.051,0:15:17,male,1970,1940,KÜN
Öhringen XI-248.exb,985.010,0:16:25,male,1970,1909,KÜN
Öhringen XI-249.exb,941.534,0:15:42,male,1970,1894,KÜN
Öhringen XI-250.exb,923.333,0:15:23,female,1970,1941,KÜN
Ötigheim XI-276.exb,644.586,0:10:45,female,1987,1931,RA
